id,title
[0],python dataframe to csv fixed char length for all cells
[1],How to change enemy's colour when it spawns? Unity2d
[2],Apache web server not sending response header to browser
[3],Dynamic data for test with model_bakery
[4],How to count a records before current record date?
[5],"How to display value of a datadog log facet, as a query value widget on a datadog dashboard?"
[6],"Blazor: Authentication with Identity, OpenID & JWT"
[7],How to make my linkedin Scraper also get the skills in python
[8],How do I create an entry point for my webpack.config.js in Angualr js
[9],Select behavior different between pyspark 2.4.8 and 3.3.2
[10],Getting column number in source generators (IIncrementalGenerator)
[11],How to update the title of my next js app?
[12],Translating Windows Forms Drawing Logic to Xamarin.Forms with SkiaSharp
[13],ImportError: cannot import name 'METRIC_MAPPING64' from 'sklearn.metrics._dist_metrics'
[14],string is a palindrome? [closed]
